  [
    {
      "Short": "AF",
      "Name": "Afghanistan",
      "Code": "+93"
    },
    {
      "Short": "AL",
      "Name": "Albania",
      "Code": "+355"
    },
    {
      "Short": "DZ",
      "Name": "Algeria",
      "Code": "+213"
    },
    {
      "Short": "AS",
      "Name": "American Samoa",
      "Code": "+1"
    },
    {
      "Short": "AD",
      "Name": "Andorra",
      "Code": "+376"
    },
    {
      "Short": "AO",
      "Name": "Angola",
      "Code": "+244"
    },
    {
      "Short": "AI",
      "Name": "Anguilla",
      "Code": "+1"
    },
    {
      "Short": "AG",
      "Name": "Antigua",
      "Code": "+1"
    },
    {
      "Short": "AR",
      "Name": "Argentina",
      "Code": "+54"
    },
    {
      "Short": "AM",
      "Name": "Armenia",
      "Code": "+374"
    },
    {
      "Short": "AW",
      "Name": "Aruba",
      "Code": "+297"
    },
    {
      "Short": "AU",
      "Name": "Australia",
      "Code": "+61"
    },
    {
      "Short": "AI",
      "Name": "Austria",
      "Code": "+43"
    },
    {
      "Short": "AZ",
      "Name": "Azerbaijan",
      "Code": "+994"
    },
    {
      "Short": "BH",
      "Name": "Bahrain",
      "Code": "+973"
    },
    {
      "Short": "BD",
      "Name": "Bangladesh",
      "Code": "+880"
    },
    {
      "Short": "BB",
      "Name": "Barbados",
      "Code": "+1"
    },
    {
      "Short": "BY",
      "Name": "Belarus",
      "Code": "+375"
    },
    {
      "Short": "BE",
      "Name": "Belgium",
      "Code": "+32"
    },
    {
      "Short": "BZ",
      "Name": "Belize",
      "Code": "+501"
    },
    {
      "Short": "BJ",
      "Name": "Benin",
      "Code": "+229"
    },
    {
      "Short": "BM",
      "Name": "Bermuda",
      "Code": "+1"
    },
    {
      "Short": "BT",
      "Name": "Bhutan",
      "Code": "+975"
    },
    {
      "Short": "BO",
      "Name": "Bolivia",
      "Code": "+591"
    },
    {
      "Short": "BA",
      "Name": "Bosnia and Herzegovina",
      "Code": "+387"
    },
    {
      "Short": "BW",
      "Name": "Botswana",
      "Code": "+267"
    },
    {
      "Short": "BR",
      "Name": "Brazil",
      "Code": "+55"
    },
    {
      "Short": "IO",
      "Name": "British Indian Ocean Territory",
      "Code": "+246"
    },
    {
      "Short": "VG",
      "Name": "British Virgin Islands",
      "Code": "+1"
    },
    {
      "Short": "BN",
      "Name": "Brunei",
      "Code": "+673"
    },
    {
      "Short": "BG",
      "Name": "Bulgaria",
      "Code": "+359"
    },
    {
      "Short": "BF",
      "Name": "Burkina Faso",
      "Code": "+226"
    },
    {
      "Short": "MM",
      "Name": "Burma Myanmar",
      "Code": "+95"
    },
    {
      "Short": "BI",
      "Name": "Burundi",
      "Code": "+257"
    },
    {
      "Short": "KH",
      "Name": "Cambodia",
      "Code": "+855"
    },
    {
      "Short": "CM",
      "Name": "Cameroon",
      "Code": "+237"
    },
    {
      "Short": "CA",
      "Name": "Canada",
      "Code": "+1"
    },
    {
      "Short": "CV",
      "Name": "Cape Verde",
      "Code": "+238"
    },
    {
      "Short": "KY",
      "Name": "Cayman Islands",
      "Code": "+1"
    },
    {
      "Short": "CF",
      "Name": "Central African Republic",
      "Code": "+236"
    },
    {
      "Short": "ID",
      "Name": "Chad",
      "Code": "+235"
    },
    {
      "Short": "CL",
      "Name": "Chile",
      "Code": "+56"
    },
    {
      "Short": "CN",
      "Name": "China",
      "Code": "+86"
    },
    {
      "Short": "CO",
      "Name": "Colombia",
      "Code": "+57"
    },
    {
      "Short": "KM",
      "Name": "Comoros",
      "Code": "+269"
    },
    {
      "Short": "CK",
      "Name": "Cook Islands",
      "Code": "+682"
    },
    {
      "Short": "CR",
      "Name": "Costa Rica",
      "Code": "+506"
    },
    {
      "Short": "CI",
      "Name": "Côte d'Ivoire",
      "Code": "+225"
    },
    {
      "Short": "HR",
      "Name": "Croatia",
      "Code": "+385"
    },
    {
      "Short": "CU",
      "Name": "Cuba",
      "Code": "+53"
    },
    {
      "Short": "CY",
      "Name": "Cyprus",
      "Code": "+357"
    },
    {
      "Short": "CZ",
      "Name": "Czech Republic",
      "Code": "+420"
    },
    {
      "Short": "CD",
      "Name": "Democratic Republic of Congo",
      "Code": "+243"
    },
    {
      "Short": "DK",
      "Name": "Denmark",
      "Code": "+45"
    },
    {
      "Short": "DJ",
      "Name": "Djibouti",
      "Code": "+253"
    },
    {
      "Short": "DM",
      "Name": "Dominica",
      "Code": "+1"
    },
    {
      "Short": "DO",
      "Name": "Dominican Republic",
      "Code": "+1"
    },
    {
      "Short": "EC",
      "Name": "Ecuador",
      "Code": "+593"
    },
    {
      "Short": "EG",
      "Name": "Egypt",
      "Code": "+20"
    },
    {
      "Short": "SV",
      "Name": "El Salvador",
      "Code": "+503"
    },
    {
      "Short": "GQ",
      "Name": "Equatorial Guinea",
      "Code": "+240"
    },
    {
      "Short": "ER",
      "Name": "Eritrea",
      "Code": "+291"
    },
    {
      "Short": "EE",
      "Name": "Estonia",
      "Code": "+372"
    },
    {
      "Short": "ET",
      "Name": "Ethiopia",
      "Code": "+251"
    },
    {
      "Short": "FK",
      "Name": "Falkland Islands",
      "Code": "+500"
    },
    {
      "Short": "FO",
      "Name": "Faroe Islands",
      "Code": "+298"
    },
    {
      "Short": "FM",
      "Name": "Federated States of Micronesia",
      "Code": "+691"
    },
    {
      "Short": "FJ",
      "Name": "Fiji",
      "Code": "+679"
    },
    {
      "Short": "FI",
      "Name": "Finland",
      "Code": "+358"
    },
    {
      "Short": "FR",
      "Name": "France",
      "Code": "+33"
    },
    {
      "Short": "GF",
      "Name": "French Guiana",
      "Code": "+594"
    },
    {
      "Short": "PF",
      "Name": "French Polynesia",
      "Code": "+689"
    },
    {
      "Short": "GA",
      "Name": "Gabon",
      "Code": "+241"
    },
    {
      "Short": "GE",
      "Name": "Georgia",
      "Code": "+995"
    },
    {
      "Short": "DE",
      "Name": "Germany",
      "Code": "+49"
    },
    {
      "Short": "GH",
      "Name": "Ghana",
      "Code": "+233"
    },
    {
      "Short": "GI",
      "Name": "Gibraltar",
      "Code": "+350"
    },
    {
      "Short": "GR",
      "Name": "Greece",
      "Code": "+30"
    },
    {
      "Short": "GL",
      "Name": "Greenland",
      "Code": "+299"
    },
    {
      "Short": "GD",
      "Name": "Grenada",
      "Code": "+1"
    },
    {
      "Short": "GP",
      "Name": "Guadeloupe",
      "Code": "+590"
    },
    {
      "Short": "GU",
      "Name": "Guam",
      "Code": "+1"
    },
    {
      "Short": "GT",
      "Name": "Guatemala",
      "Code": "+502"
    },
    {
      "Short": "GN",
      "Name": "Guinea",
      "Code": "+224"
    },
    {
      "Short": "GW",
      "Name": "Guinea-Bissau",
      "Code": "+245"
    },
    {
      "Short": "GY",
      "Name": "Guyana",
      "Code": "+592"
    },
    {
      "Short": "HT",
      "Name": "Haiti",
      "Code": "+509"
    },
    {
      "Short": "HN",
      "Name": "Honduras",
      "Code": "+504"
    },
    {
      "Short": "HK",
      "Name": "Hong Kong",
      "Code": "+852"
    },
    {
      "Short": "HU",
      "Name": "Hungary",
      "Code": "+36"
    },
    {
      "Short": "IS",
      "Name": "Iceland",
      "Code": "+354"
    },
    {
      "Short": "IN",
      "Name": "India",
      "Code": "+91"
    },
    {
      "Short": "ID",
      "Name": "Indonesia",
      "Code": "+62"
    },
    {
      "Short": "IR",
      "Name": "Iran",
      "Code": "+98"
    },
    {
      "Short": "IQ",
      "Name": "Iraq",
      "Code": "+964"
    },
    {
      "Short": "IE",
      "Name": "Ireland",
      "Code": "+353"
    },
    {
      "Short": "IL",
      "Name": "Israel",
      "Code": "+972"
    },
    {
      "Short": "IT",
      "Name": "Italy",
      "Code": "+39"
    },
    {
      "Short": "JM",
      "Name": "Jamaica",
      "Code": "+1"
    },
    {
      "Short": "JP",
      "Name": "Japan",
      "Code": "+81"
    },
    {
      "Short": "JO",
      "Name": "Jordan",
      "Code": "+962"
    },
    {
      "Short": "KZ",
      "Name": "Kazakhstan",
      "Code": "+7"
    },
    {
      "Short": "KE",
      "Name": "Kenya",
      "Code": "+254"
    },
    {
      "Short": "KI",
      "Name": "Kiribati",
      "Code": "+686"
    },
    {
      "Short": "XK",
      "Name": "Kosovo",
      "Code": "+381"
    },
    {
      "Short": "KW",
      "Name": "Kuwait",
      "Code": "+965"
    },
    {
      "Short": "KG",
      "Name": "Kyrgyzstan",
      "Code": "+996"
    },
    {
      "Short": "LA",
      "Name": "Laos",
      "Code": "+856"
    },
    {
      "Short": "LV",
      "Name": "Latvia",
      "Code": "+371"
    },
    {
      "Short": "LB",
      "Name": "Lebanon",
      "Code": "+961"
    },
    {
      "Short": "LS",
      "Name": "Lesotho",
      "Code": "+266"
    },
    {
      "Short": "LR",
      "Name": "Liberia",
      "Code": "+231"
    },
    {
      "Short": "LY",
      "Name": "Libya",
      "Code": "+218"
    },
    {
      "Short": "LI",
      "Name": "Liechtenstein",
      "Code": "+423"
    },
    {
      "Short": "LT",
      "Name": "Lithuania",
      "Code": "+370"
    },
    {
      "Short": "LU",
      "Name": "Luxembourg",
      "Code": "+352"
    },
    {
      "Short": "MO",
      "Name": "Macau",
      "Code": "+853"
    },
    {
      "Short": "MK",
      "Name": "Macedonia",
      "Code": "+389"
    },
    {
      "Short": "MG",
      "Name": "Madagascar",
      "Code": "+261"
    },
    {
      "Short": "MW",
      "Name": "Malawi",
      "Code": "+265"
    },
    {
      "Short": "MY",
      "Name": "Malaysia",
      "Code": "+60"
    },
    {
      "Short": "MV",
      "Name": "Maldives",
      "Code": "+960"
    },
    {
      "Short": "ML",
      "Name": "Mali",
      "Code": "+223"
    },
    {
      "Short": "MT",
      "Name": "Malta",
      "Code": "+356"
    },
    {
      "Short": "MH",
      "Name": "Marshall Islands",
      "Code": "+692"
    },
    {
      "Short": "MQ",
      "Name": "Martinique",
      "Code": "+596"
    },
    {
      "Short": "MR",
      "Name": "Mauritania",
      "Code": "+222"
    },
    {
      "Short": "MU",
      "Name": "Mauritius",
      "Code": "+230"
    },
    {
      "Short": "YT",
      "Name": "Mayotte",
      "Code": "+262"
    },
    {
      "Short": "MX",
      "Name": "Mexico",
      "Code": "+52"
    },
    {
      "Short": "MD",
      "Name": "Moldova",
      "Code": "+373"
    },
    {
      "Short": "MC",
      "Name": "Monaco",
      "Code": "+377"
    },
    {
      "Short": "MN",
      "Name": "Mongolia",
      "Code": "+976"
    },
    {
      "Short": "ME",
      "Name": "Montenegro",
      "Code": "+382"
    },
    {
      "Short": "MS",
      "Name": "Montserrat",
      "Code": "+1"
    },
    {
      "Short": "MA",
      "Name": "Morocco",
      "Code": "+212"
    },
    {
      "Short": "MZ",
      "Name": "Mozambique",
      "Code": "+258"
    },
    {
      "Short": "NA",
      "Name": "Namibia",
      "Code": "+264"
    },
    {
      "Short": "NR",
      "Name": "Nauru",
      "Code": "+674"
    },
    {
      "Short": "NP",
      "Name": "Nepal",
      "Code": "+977"
    },
    {
      "Short": "NL",
      "Name": "Netherlands",
      "Code": "+31"
    },
    {
      "Short": "AN",
      "Name": "Netherlands Antilles",
      "Code": "+599"
    },
    {
      "Short": "NC",
      "Name": "New Caledonia",
      "Code": "+687"
    },
    {
      "Short": "NZ",
      "Name": "New Zealand",
      "Code": "+64"
    },
    {
      "Short": "NI",
      "Name": "Nicaragua",
      "Code": "+505"
    },
    {
      "Short": "NE",
      "Name": "Niger",
      "Code": "+227"
    },
    {
      "Short": "NG",
      "Name": "Nigeria",
      "Code": "+234"
    },
    {
      "Short": "NU",
      "Name": "Niue",
      "Code": "+683"
    },
    {
      "Short": "NF",
      "Name": "Norfolk Island",
      "Code": "+672"
    },
    {
      "Short": "KP",
      "Name": "North Korea",
      "Code": "+850"
    },
    {
      "Short": "MP",
      "Name": "Northern Mariana Islands",
      "Code": "+1"
    },
    {
      "Short": "NO",
      "Name": "Norway",
      "Code": "+47"
    },
    {
      "Short": "OM",
      "Name": "Oman",
      "Code": "+968"
    },
    {
      "Short": "PK",
      "Name": "Pakistan",
      "Code": "+92"
    },
    {
      "Short": "PW",
      "Name": "Palau",
      "Code": "+680"
    },
    {
      "Short": "PS",
      "Name": "Palestine",
      "Code": "+970"
    },
    {
      "Short": "PA",
      "Name": "Panama",
      "Code": "+507"
    },
    {
      "Short": "PG",
      "Name": "Papua New Guinea",
      "Code": "+675"
    },
    {
      "Short": "PY",
      "Name": "Paraguay",
      "Code": "+595"
    },
    {
      "Short": "PE",
      "Name": "Peru",
      "Code": "+51"
    },
    {
      "Short": "PH",
      "Name": "Philippines",
      "Code": "+63"
    },
    {
      "Short": "PL",
      "Name": "Poland",
      "Code": "+48"
    },
    {
      "Short": "PT",
      "Name": "Portugal",
      "Code": "+351"
    },
    {
      "Short": "PR",
      "Name": "Puerto Rico",
      "Code": "+1"
    },
    {
      "Short": "QA",
      "Name": "Qatar",
      "Code": "+974"
    },
    {
      "Short": "CG",
      "Name": "Republic of the Congo",
      "Code": "+242"
    },
    {
      "Short": "RE",
      "Name": "Réunion",
      "Code": "+262"
    },
    {
      "Short": "RO",
      "Name": "Romania",
      "Code": "+40"
    },
    {
      "Short": "RU",
      "Name": "Russia",
      "Code": "+7"
    },
    {
      "Short": "RW",
      "Name": "Rwanda",
      "Code": "+250"
    },
    {
      "Short": "BL",
      "Name": "Saint Barthélemy",
      "Code": "+590"
    },
    {
      "Short": "SH",
      "Name": "Saint Helena",
      "Code": "+290"
    },
    {
      "Short": "KN",
      "Name": "Saint Kitts and Nevis",
      "Code": "+1"
    },
    {
      "Short": "MF",
      "Name": "Saint Martin",
      "Code": "+590"
    },
    {
      "Short": "PM",
      "Name": "Saint Pierre and Miquelon",
      "Code": "+508"
    },
    {
      "Short": "VC",
      "Name": "Saint Vincent and the Grenadines",
      "Code": "+1"
    },
    {
      "Short": "WS",
      "Name": "Samoa",
      "Code": "+685"
    },
    {
      "Short": "SM",
      "Name": "San Marino",
      "Code": "+378"
    },
    {
      "Short": "ST",
      "Name": "São Tomé and Príncipe",
      "Code": "+239"
    },
    {
      "Short": "SA",
      "Name": "Saudi Arabia",
      "Code": "+966"
    },
    {
      "Short": "SN",
      "Name": "Senegal",
      "Code": "+221"
    },
    {
      "Short": "RS",
      "Name": "Serbia",
      "Code": "+381"
    },
    {
      "Short": "SC",
      "Name": "Seychelles",
      "Code": "+248"
    },
    {
      "Short": "SL",
      "Name": "Sierra Leone",
      "Code": "+232"
    },
    {
      "Short": "SG",
      "Name": "Singapore",
      "Code": "+65"
    },
    {
      "Short": "SK",
      "Name": "Slovakia",
      "Code": "+421"
    },
    {
      "Short": "SI",
      "Name": "Slovenia",
      "Code": "+386"
    },
    {
      "Short": "SB",
      "Name": "Solomon Islands",
      "Code": "+677"
    },
    {
      "Short": "SO",
      "Name": "Somalia",
      "Code": "+252"
    },
    {
      "Short": "ZA",
      "Name": "South Africa",
      "Code": "+27"
    },
    {
      "Short": "KR",
      "Name": "South Korea",
      "Code": "+82"
    },
    {
      "Short": "ES",
      "Name": "Spain",
      "Code": "+34"
    },
    {
      "Short": "LK",
      "Name": "Sri Lanka",
      "Code": "+94"
    },
    {
      "Short": "LC",
      "Name": "St. Lucia",
      "Code": "+1"
    },
    {
      "Short": "SD",
      "Name": "Sudan",
      "Code": "+249"
    },
    {
      "Short": "SR",
      "Name": "Suriname",
      "Code": "+597"
    },
    {
      "Short": "SZ",
      "Name": "Swaziland",
      "Code": "+268"
    },
    {
      "Short": "SE",
      "Name": "Sweden",
      "Code": "+46"
    },
    {
      "Short": "CH",
      "Name": "Switzerland",
      "Code": "+41"
    },
    {
      "Short": "SY",
      "Name": "Syria",
      "Code": "+963"
    },
    {
      "Short": "TW",
      "Name": "Taiwan",
      "Code": "+886"
    },
    {
      "Short": "TJ",
      "Name": "Tajikistan",
      "Code": "+992"
    },
    {
      "Short": "TZ",
      "Name": "Tanzania",
      "Code": "+255"
    },
    {
      "Short": "TH",
      "Name": "Thailand",
      "Code": "+66"
    },
    {
      "Short": "BS",
      "Name": "The Bahamas",
      "Code": "+1"
    },
    {
      "Short": "GM",
      "Name": "The Gambia",
      "Code": "+220"
    },
    {
      "Short": "TL",
      "Name": "Timor-Leste",
      "Code": "+670"
    },
    {
      "Short": "TG",
      "Name": "Togo",
      "Code": "+228"
    },
    {
      "Short": "TK",
      "Name": "Tokelau",
      "Code": "+690"
    },
    {
      "Short": "TO",
      "Name": "Tonga",
      "Code": "+676"
    },
    {
      "Short": "TT",
      "Name": "Trinidad and Tobago",
      "Code": "+1"
    },
    {
      "Short": "TN",
      "Name": "Tunisia",
      "Code": "+216"
    },
    {
      "Short": "TR",
      "Name": "Turkey",
      "Code": "+90"
    },
    {
      "Short": "TM",
      "Name": "Turkmenistan",
      "Code": "+993"
    },
    {
      "Short": "TC",
      "Name": "Turks and Caicos Islands",
      "Code": "+1"
    },
    {
      "Short": "TV",
      "Name": "Tuvalu",
      "Code": "+688"
    },
    {
      "Short": "UG",
      "Name": "Uganda",
      "Code": "+256"
    },
    {
      "Short": "UA",
      "Name": "Ukraine",
      "Code": "+380"
    },
    {
      "Short": "AE",
      "Name": "United Arab Emirates",
      "Code": "+971"
    },
    {
      "Short": "GB",
      "Name": "United Kingdom",
      "Code": "+44"
    },
    {
      "Short": "US",
      "Name": "United States",
      "Code": "+1"
    },
    {
      "Short": "UY",
      "Name": "Uruguay",
      "Code": "+598"
    },
    {
      "Short": "VI",
      "Name": "US Virgin Islands",
      "Code": "+1"
    },
    {
      "Short": "UZ",
      "Name": "Uzbekistan",
      "Code": "+998"
    },
    {
      "Short": "VU",
      "Name": "Vanuatu",
      "Code": "+678"
    },
    {
      "Short": "VA",
      "Name": "Vatican City",
      "Code": "+39"
    },
    {
      "Short": "VE",
      "Name": "Venezuela",
      "Code": "+58"
    },
    {
      "Short": "VN",
      "Name": "Vietnam",
      "Code": "+84"
    },
    {
      "Short": "WF",
      "Name": "Wallis and Futuna",
      "Code": "+681"
    },
    {
      "Short": "YE",
      "Name": "Yemen",
      "Code": "+967"
    },
    {
      "Short": "ZM",
      "Name": "Zambia",
      "Code": "+260"
    },
    {
      "Short": "ZW",
      "Name": "Zimbabwe",
      "Code": "+263"
    }
  ]
